# English written for this port (not game text), OPENSEG: strings the US version lacks, or has
# with the US button icons (the port keeps the JP ones). id<TAB>text; \n is a line break.
OPENSEG:18	Tradable
OPENSEG:bc	If you both agree to these Cards,\npress and hold the *b0 Button.
OPENSEG:180	Stock
OPENSEG:188	In Deck
OPENSEG:4e0	Card data conversion was cancelled.\nDo you want to learn about the game?
OPENSEG:604	Checking the *c5MEMORY CARD*c7.
OPENSEG:62c	I see.\nPerhaps a hero like you has no need\nfor old data.
OPENSEG:670	Do you want to convert the data?
OPENSEG:68c	Some Cards may be recovered from your\n*c4Digital Card Battle*c7 save data.\n
OPENSEG:6e8	Understood.
OPENSEG:71c	I see... Please excuse me.
OPENSEG:73c	Could you be the legendary hero who fought\nfor File Island in *c4Digital Card Battle*c7...?
OPENSEG:7a0	...SLPS 02506... *c4Digital Card Battle*c7\ndata found on the *c5MEMORY CARD*c7.
OPENSEG:7fc	By the way, have you ever played\n*c4Digital Card Battle*c7?
OPENSEG:b04	Now, please choose a Partner.\nUse Up/Down to select, *b0 to confirm.
OPENSEG:d68	Yes
OPENSEG:d70	No
OPENSEG:d78	That's me
OPENSEG:d84	Not me
OPENSEG:d90	Convert
OPENSEG:d98	Don't
OPENSEG:10a8	Hiragana
OPENSEG:10b4	Katakana
OPENSEG:10c0	ABC
OPENSEG:10d0	*b1 Insert
OPENSEG:10d8	*b0 OK
OPENSEG:10e0	*b2 Delete
